{"total_candidates": 40, "total_competitors": 12, "avg_score": 49.05894389130996, "top_site_id": "SITE_020", "top_site_score": 79.55354799875899}